{
  "formatVersion": 1,
  "database": {
    "version": 1,
    "identityHash": "31cfd90c8b3f7a928fd65b660fee395a",
    "entities": [
      {
        "tableName": "articles",
        "createSql": "CREATE TABLE IF NOT EXISTS `${TABLE_NAME}` (`articleid` INTEGER NOT NULL, `content` TEXT, `readme` TEXT, `description` TEXT, `click` INTEGER NOT NULL, `channel` INTEGER NOT NULL, `comments` INTEGER NOT NULL, `stow` INTEGER NOT NULL, `upvote` INTEGER NOT NULL, `downvote` INTEGER NOT NULL, `url` TEXT, `pubDate` TEXT, `thumbnail` TEXT, `title` TEXT, PRIMARY KEY(`articleid`))",
        "fields": [
          {
            "fieldPath": "id",
            "columnName": "articleid",
            "affinity": "INTEGER",
            "notNull": true
          },
          {
            "fieldPath": "content",
            "columnName": "content",
            "affinity": "TEXT",
            "notNull": false
          },
          {
            "fieldPath": "readme",
            "columnName": "readme",
            "affinity": "TEXT",
            "notNull": false
          },
          {
            "fieldPath": "description",
            "columnName": "description",
            "affinity": "TEXT",
            "notNull": false
          },
          {
            "fieldPath": "click",
            "columnName": "click",
            "affinity": "INTEGER",
            "notNull": true
          },
          {
            "fieldPath": "channel",
            "columnName": "channel",
            "affinity": "INTEGER",
            "notNull": true
          },
          {
            "fieldPath": "comments",
            "columnName": "comments",
            "affinity": "INTEGER",
            "notNull": true
          },
          {
            "fieldPath": "stow",
            "columnName": "stow",
            "affinity": "INTEGER",
            "notNull": true
          },
          {
            "fieldPath": "upvote",
            "columnName": "upvote",
            "affinity": "INTEGER",
            "notNull": true
          },
          {
            "fieldPath": "downvote",
            "columnName": "downvote",
            "affinity": "INTEGER",
            "notNull": true
          },
          {
            "fieldPath": "url",
            "columnName": "url",
            "affinity": "TEXT",
            "notNull": false
          },
          {
            "fieldPath": "pubDate",
            "columnName": "pubDate",
            "affinity": "TEXT",
            "notNull": false
          },
          {
            "fieldPath": "thumbnail",
            "columnName": "thumbnail",
            "affinity": "TEXT",
            "notNull": false
          },
          {
            "fieldPath": "title",
            "columnName": "title",
            "affinity": "TEXT",
            "notNull": false
          }
        ],
        "primaryKey": {
          "columnNames": [
            "articleid"
          ],
          "autoGenerate": false
        },
        "indices": [],
        "foreignKeys": []
      }
    ],
    "setupQueries": [
      "CREATE TABLE IF NOT EXISTS room_master_table (id INTEGER PRIMARY KEY,identity_hash TEXT)",
      "INSERT OR REPLACE INTO room_master_table (id,identity_hash) VALUES(42, \"31cfd90c8b3f7a928fd65b660fee395a\")"
    ]
  }
}