{
  "project_info": {
    "project_number": "59985793078",
    "project_id": "fir-detailsapp",
    "storage_bucket": "fir-detailsapp.appspot.com"
  },
  "client": [
    {
      "client_info": {
        "mobilesdk_app_id": "1:59985793078:android:6b7fab7a36973e85c7c897",
        "android_client_info": {
          "package_name": "com.example.firebasedetailsapp"
        }
      },
      "oauth_client": [
        {
          "client_id": "59985793078-0c4orggfpergperiqfaf8jlt28a5r1kf.apps.googleusercontent.com",
          "client_type": 3
        }
      ],
      "api_key": [
        {
          "current_key": "AIzaSyB1tQ6FbyhiVlVyiLJiwtsAO0XJLXuqLX4"
        }
      ],
      "services": {
        "appinvite_service": {
          "other_platform_oauth_client": [
            {
              "client_id": "59985793078-0c4orggfpergperiqfaf8jlt28a5r1kf.apps.googleusercontent.com",
              "client_type": 3
            }
          ]
        }
      }
    }
  ],
  "configuration_version": "1"
}