[
  {
    "pattern": "Jetpack Compose Apps",
    "key": "$JETPACK_COMPOSE_REPOS",
    "projects": [
      {
        "github_url": "https://github.com/androiddevnotes/awesome-jetpack-compose-android-apps"
      }
    ]
  },
  {
    "pattern": "MVVM - Normal",
    "key": "$MVVM_NORMAL_REPOS",
    "projects": [
      {
        "github_url": "https://github.com/mithun17/SimpleBible",
        "stack": "Dagger Hilt, Coroutines + Flow, ViewModel, Retrofit, Room, Navigation"
      },
      {
        "github_url": "https://github.com/ImnIrdst/iiCnma",
        "stack": "Dagger Hilt, Testing, Coroutines + Flow, Retrofit, Room, LiveData, ViewModel, Paging, Navigation"
      },
      {
        "github_url": "https://github.com/fabirt/roka-recipe-app",
        "stack": "Dagger Hilt, Coroutines, Retrofit, Room, LiveData, ViewModel, Paging, Navigation, DataStore"
      },
      {
        "github_url": "https://github.com/Hamza417/Inure",
        "stack": "LiveData, ViewModel, WebKit, APK Parser, libsu"
      },
      {
        "github_url": "https://github.com/ErickSumargo/Dads",
        "stack": "Hilt, Coroutines + Flow, UI Testing, Room, ViewModel, WorkManager, Apollo"
      },
      {
        "github_url": "https://github.com/tema6120/ForgetMeNot",
        "stack": "Coroutines + Flow, SQLDelight, Kotlin Serialization, Klock, Brackeys-IDE EditorKit"
      },
      {
        "github_url": "https://github.com/GerardBradshaw/MixUp",
        "stack": "Dagger, Coroutines, Testing, Navigation, ColorPicker, ViewModel"
      },
      {
        "github_url": "https://github.com/androiddevnotesforks/Bitlue",
        "stack": "Dagger Hilt, Coroutines + Flow, MPAndroidChart, Retrofit, LiveData, ViewModel"
      },
      {
        "github_url": "https://github.com/mukul500/AnimeXStream",
        "stack": "Retrofit, RxJava, Epoxy, ViewModel, LiveData, Navigation, Realm, ExoPlayer v2.0, Glide"
      },
      {
        "github_url": "https://github.com/PatilShreyas/NotyKT",
        "stack": "Backend - Ktor, PostgreSQL; Android = Coroutines, Flow, Navigation Architecture, LiveData, ViewModel, Room DB, DataStore, Jetpack Security, WorkManager, Dagger Hilt DI, Jetpack Compose, Material UI, Retrofit, Moshi"
      },
      {
        "github_url": "https://github.com/Sharkaboi/DrawingsApp",
        "stack": "Dagger Hilt, Coroutines, Room, Dhaval2404/ImagePicker, Subsampling Scale Image View, Navigation, LiveData, ViewModel"
      },
      {
        "github_url": "https://github.com/b-lam/Resplash",
        "stack": "Koin, Coroutines, Testing, Retrofit, Room, Firestore, Firebase In-App Messaging, Paging, Navigation, Google Play Billing, Muzei, LiveData, ViewModel"
      },
      {
        "github_url": "https://github.com/utsmannn/hiya-hiya-hiya",
        "stack": "Koin, Coroutines, Retrofit, Room, Firebase Messaging, Firebase Auth, WorkManager, Google Maps, Paging,  JSoup, vanniktech/Emoji, afollestad/inline-activity-result, LiveData, ViewModel"
      },
      {
        "github_url": "https://github.com/ashwini009/TvFlix",
        "stack": "Dagger Hilt, Coroutines, Testing, Retrofit, Room, Paging, Navigation, LiveData, ViewModel"
      },
      {
        "github_url": "https://github.com/fevziomurtekin/DeezerClone",
        "stack": "Dagger Hilt, Coroutines, Flow, Jetpack (Room, ViewModel,Navigation LiveData), Retrofit, Paging, Testing"
      },
      {
        "github_url": "https://github.com/jnkforks/PokemonGo",
        "stack": "Dagger Hilt, Koin, Coroutines, RxJava, Testing, Retrofit, Room, WorkManager, Paging, LiveData, ViewModel"
      },
      {
        "github_url": "https://github.com/andyb129/AppDevToolbox",
        "stack": "Dagger, Coroutines, RxJava, Room, Venom, LiveData, ViewModel"
      },
      {
        "github_url": "https://github.com/nahzur-h/awaker",
        "stack": "RxJava, Testing, Retrofit, Room, ExoPlayer, LiveData, ViewModel"
      },
      {
        "github_url": "https://github.com/theapache64/topcorn",
        "stack": "Dagger, Coroutines, Testing, Retrofit, Room, LiveData, ViewModel"
      },
      {
        "github_url": "https://github.com/vmiklos/plees-tracker",
        "stack": "Room, LiveData, ViewModel"
      },
      {
        "github_url": "https://github.com/Chesire/Nekome",
        "stack": "Dagger, Coroutines, Testing, Retrofit, Room, WorkManager, Navigation, LiveData, ViewModel"
      },
      {
        "github_url": "https://github.com/ardakazanci/Heyyoo",
        "stack": "Coroutines, Retrofit, Room, Algolia, LocGetter, EasyValidation, Dexter, Splashy, secure-preferences, Paging, Data Binding, Navigation, LiveData, ViewModel"
      },
      {
        "github_url": "https://github.com/lulululbj/wanandroid",
        "stack": "Koin, Coroutines, Testing, Retrofit, Navigation, FlowLayout, LiveData, ViewModel"
      },
      {
        "github_url": "https://github.com/SIKV/Photos",
        "stack": "Dagger, Coroutines, RxJava, Testing, Retrofit, Room, Firestore, Firebase-ML, Firebase-Analytics, Paging, Navigation, LiveData, ViewModel"
      },
      {
        "github_url": "https://github.com/ValterKasper/space-app",
        "stack": "Dagger, Coroutines, Testing, Retrofit, Room, WorkManager, Data Binding, Navigation, LiveData, ViewModel"
      },
      {
        "github_url": "https://github.com/nominalista/expenses",
        "stack": "Dagger, Coroutines, RxJava, Testing, Retrofit, Room, Firestore, Firebase Auth, Firebase Messaging, WorkManager, Navigation, LiveData, ViewModel"
      },
      {
        "github_url": "https://github.com/lmj0011/jetpack-release-tracker",
        "stack": "Coroutines, Testing, Fuel, Room,  WorkManager, Data Binding, Navigation, LiveData, ViewModel"
      },
      {
        "github_url": "https://github.com/willowtreeapps/vocable-android",
        "stack": "Koin, Coroutines, Testing, Room, Data Binding, AR, LiveData, ViewModel"
      },
      {
        "github_url": "https://github.com/Shashank02051997/GitExplorer-Android",
        "stack": "LiveData, ViewModel"
      },
      {
        "github_url": "https://github.com/VIPyinzhiwei/Eyepetizer",
        "stack": "Coroutines, Testing, Retrofit, WorkManager, GSYVideoPlayer, Data Binding, PermissionX, EventBus, LiveData, ViewModel"
      },
      {
        "github_url": "https://github.com/PatilShreyas/Foodium",
        "stack": "Dagger Hilt, Coroutines, Testing, Retrofit, Room, LiveData, ViewModel"
      },
      {
        "github_url": "https://github.com/michaldrabik/Showly-2.0",
        "stack": "Dagger, Coroutines, Testing, Retrofit, Room, Firebase Messaging, WorkManager, Navigation, Dynamicanimation, LiveData, ViewModel"
      },
      {
        "github_url": "https://github.com/bernaferrari/ChangeDetection",
        "stack": "Dagger, Coroutines, RxJava, Retrofit, Room, Firestore, WorkManager, Paging, Data Binding, Navigation, JSoup, js-evaluator-for-android, LiveData, ViewModel"
      },
      {
        "github_url": "https://github.com/YahiaAngelo/Noted-Android",
        "stack": "Koin dependency injection, Coroutines, Realm db, Material Components, Markdown, Navigation, LiveData, ViewModel"
      },
      {
        "github_url": "https://github.com/igorescodro/alkaa",
        "stack": "Koin, Espresso, UiAutomator, Mockk, Coroutines, Navigation, Room, MotionLayout, KTX, Modularization, Dynamic Delivery, Dark Theme, klint, Detekt, codebeat, CodeFactor, Codacy, MPAndroidChart, Groupie, LiveData, ViewModel"
      },
      {
        "github_url": "https://github.com/HariKulhari06/Covid-19-Tracker",
        "stack": "Dagger Hilt, Coroutines, Retrofit, Room, Firestore, WorkManager, Navigation, MPAndroidChart, LiveData, ViewModel"
      },
      {
        "github_url": "https://github.com/zedlabs/WallPortal",
        "stack": "Dagger Hilt, Coroutines, Retrofit, Room, Paging, Navigation, LiveData, ViewModel"
      },
      {
        "github_url": "https://github.com/ricknout/rugby-ranker",
        "stack": "Dagger Hilt, Coroutines, Testing, Retrofit, Room, WorkManager, Navigation, insetter, LiveData, ViewModel"
      },
      {
        "github_url": "https://github.com/GeorgCantor/WallpaperApp",
        "stack": "Koin, Coroutines, Retrofit, Room, Lottie, Zoomy, Navigation, LiveData, ViewModel"
      },
      {
        "github_url": "https://github.com/DheerajKotwani/GithubVisualizer",
        "stack": "Retrofit, Firebase Auth, Coroutines, LiveData, ViewModel"
      },
      {
        "github_url": "https://github.com/PHELAT/Tedu",
        "stack": "Dagger, Room, Coroutines, Firebase Messaging, Navigation, LiveData, ViewModel"
      },
      {
        "github_url": "https://github.com/abhinav0612/PasswordVault",
        "stack": "Dagger Hilt, Room, Navigation, LiveData, ViewModel"
      },
      {
        "github_url": "https://github.com/TheCodeMonks/NYTimes-App",
        "stack": "Coroutines, Room, JSoup, Navigation, LiveData, ViewModel"
      },
      {
        "github_url": "https://github.com/satyamurti/LetsChat",
        "stack": "Coroutines, Retrofit, Firestore, Firebase Auth, Firebase Messaging, Firebase Storage, Cloud Functions, Data Binding, Navigation, LiveData, ViewModel"
      },
      {
        "github_url": "https://github.com/mayokunthefirst/Instant-Weather",
        "stack": "Dagger, Coroutines, Testing, Retrofit, Room, WorkManager, Paging, Data Binding, Navigation, Algolia Search, LiveData, ViewModel"
      },
      {
        "github_url": "https://github.com/qingmei2/MVVM-Architecture",
        "stack": "Dagger Hilt, Coroutines, RxJava, Testing, Retrofit, Room, Paging, Navigation, LiveData, ViewModel"
      },
      {
        "github_url": "https://github.com/nuhkoca/libbra",
        "stack": "Dagger, Coroutines, Testing, Retrofit, Data Binding, Navigation, LiveData, ViewModel"
      },
      {
        "github_url": "https://github.com/adityam49/Updoot",
        "stack": "Dagger Hilt, Coroutines, Testing, Retrofit, Room, ExoPlayer, WorkManager, Data Binding, Navigation, LiveData, ViewModel, Compose"
      },
      {
        "github_url": "https://github.com/weylar/Movie",
        "stack": "Dagger, Coroutines, Retrofit, Room, WorkManager, Paging, Data Binding, Navigation, LiveData, ViewModel"
      },
      {
        "github_url": "https://github.com/xiaoyanger0825/wanandroid",
        "stack": "Coroutines, Retrofit, Room, LiveData, ViewModel"
      },
      {
        "github_url": "https://github.com/gs-ts/TrackMyPath",
        "stack": "Koin, Coroutines, Testing, Retrofit, Room, LiveData, ViewModel"
      },
      {
        "github_url": "https://github.com/KumarManas04/NotesSync",
        "stack": "Coroutines, Testing, Room, Google Drive, Dropbox, WorkManager, Navigation, LiveData, ViewModel"
      },
      {
        "github_url": "https://github.com/CalvinNor/MovieMan/",
        "stack": "Koin, Coroutines, Testing, Retrofit, Room, Navigation, LiveData, ViewModel"
      },
      {
        "github_url": "https://github.com/commonpepper/Photosen",
        "stack": "Retrofit, Room, Paging, LiveData, ViewModel"
      },
      {
        "github_url": "https://github.com/OMIsie11/SpaceXFollower",
        "stack": "Koin, Coroutines, Testing, Retrofit, Room, WorkManager, MPAndroidChart, Navigation, LiveData, ViewModel"
      },
      {
        "github_url": "https://github.com/dievskiy/feedapp",
        "stack": "Dagger, Coroutines, RxJava, Testing, Retrofit, Room, Firestore, Firebase Auth, Facebook Login, WorkManager, MPAndroidChart, Data Binding, Navigation, LiveData, ViewModel"
      },
      {
        "github_url": "https://github.com/phicdy/MyCuration",
        "stack": "Koin, Coroutines, Testing, Retrofit,  Jsoup, WorkManager, Data Binding, Navigation, LiveData, ViewModel"
      },
      {
        "github_url": "https://github.com/droidconKE/droidconKE2020App",
        "stack": "Koin, Coroutines, Testing, Retrofit, Room,  Google Auth, Data Binding, Navigation, LiveData, ViewModel"
      },
      {
        "github_url": "https://github.com/fossasia/open-event-attendee-android",
        "stack": "Koin, RxJava, Testing, Retrofit, Room, Stripe, PayPal, Mapbox, Paging, Data Binding, Navigation, LiveData, ViewModel"
      },
      {
        "github_url": "https://github.com/dangquanuet/The-Movie-DB-Kotlin",
        "stack": "Koin, Coroutines, RxJava, Testing, Retrofit, Room,  Paging, Data Binding, Easy Permissions, Navigation, LiveData, ViewModel"
      },
      {
        "github_url": "https://github.com/CharlieChristensen/Cryptotracker",
        "stack": "Dagger, Coroutines, Testing, socketIO, Retrofit, Room, MPAndroidChart, Navigation, LiveData, ViewModel"
      },
      {
        "github_url": "https://github.com/haroldadmin/MoonShot",
        "stack": "Dagger, Coroutines, Testing, Retrofit, Room, WorkManager, Navigation, LiveData, ViewModel"
      },
      {
        "github_url": "https://github.com/ganainy/Our_chat",
        "stack": "Coroutines, Retrofit, Room, Firestore, Firebase Auth, Firebase Messaging,  Facebook Login, WorkManager, Dexter, Data Binding, Navigation, LiveData, ViewModel"
      },
      {
        "github_url": "https://github.com/flexbooru/flexbooru",
        "stack": "Kodein, Coroutines, Testing, Retrofit, Room, WorkManager, Exoplayer, Navigation, Tikxml, LiveData, ViewModel"
      },
      {
        "github_url": "https://github.com/flexbooru/flexbooru-ap",
        "stack": "Kodein, Coroutines, Retrofit, Room, WorkManager, Navigation, Markwon, LiveData, ViewModel"
      },
      {
        "github_url": "https://github.com/gs-ts/BitfinexClient",
        "stack": "Koin, RxJava, Testing, Scarlet, Room, Data Binding, LiveData, ViewModel"
      },
      {
        "github_url": "https://github.com/SoftwareEngineeringDaily/software-engineering-daily-android",
        "stack": "Koin, Coroutines, Testing, Retrofit, Room, WorkManager, Exoplayer, Navigation, Android-Permissions, LiveData, ViewModel"
      },
      {
        "github_url": "https://github.com/GreyLabsDev/PexWalls",
        "stack": "Koin, Coroutines, RxJava, Retrofit, Room, Navigation, Markwon, LiveData, ViewModel"
      },
      {
        "github_url": "https://github.com/iammert/AppLocker",
        "stack": "Dagger, RxJava, Room,  WorkManager, Data Binding, RxPermissions, LiveData, ViewModel"
      },
      {
        "github_url": "https://github.com/xiprox/Upgur",
        "stack": "Dagger, Retrofit, Room, WorkManager, Navigation, android-upload-service, LiveData, ViewModel"
      },
      {
        "github_url": "https://github.com/AbduallahAtta/Social-Note",
        "stack": "Koin, RxJava, Room, Firestore, Firebase Auth, Firebase Storage, Firebase Messaging,  WorkManager, Data Binding, Paging, LiveData, ViewModel"
      },
      {
        "github_url": "https://github.com/kacperczyk-dev/ExchangeRateApp",
        "stack": "Dagger, Coroutines, Retrofit, Room, WorkManager, Data Binding, MPAndroidChart, Navigation, LiveData, ViewModel"
      },
      {
        "github_url": "https://github.com/cuongpm/youtube-dl-android",
        "stack": "Dagger, RxJava, Testing, Retrofit, Room, Data Binding, LiveData, ViewModel"
      },
      {
        "github_url": "https://github.com/PhilippeBoisney/ArchApp",
        "stack": "Koin, Coroutines, Testing, Retrofit, Room, Data Binding, Navigation, LiveData, ViewModel"
      },
      {
        "github_url": "https://github.com/rumaan/file.io-Android-Client",
        "stack": "Testing, Fuel, Room, WorkManager, Navigation, PermissionsDispatcher, LiveData, ViewModel"
      },
      {
        "github_url": "https://github.com/skydoves/Pokedex",
        "stack": "Dagger Hilt, Coroutines, Testing, Retrofit, Room, Data Binding, LiveData, ViewModel"
      },
      {
        "github_url": "https://github.com/Wiqaytna-app/wiqaytna_android",
        "stack": "RxJava, Testing, Room, Firebase Storage, Firebase Auth, Firebase Messaging, Firebase Perf, Firebase Functions, Navigation, LiveData, ViewModel"
      },
      {
        "github_url": "https://github.com/ZahraHeydari/MusicPlayer",
        "stack": "Koin, Testing, Room, Firebase Storage, Firebase Auth, Firebase Messaging, Firebase Perf, Firebase Functions,  Navigation, LiveData, ViewModel"
      },
      {
        "github_url": "https://github.com/google/iosched",
        "stack": "Dagger Hilt, Coroutines, Testing, Room, Firestore, Firebase Auth, Firebase Messaging, Firebase Functions, Navigation, ARCore, LiveData, ViewModel"
      },
      {
        "github_url": "https://github.com/romannurik/muzei",
        "stack": "Coroutines, Testing, Retrofit, Room, Firebase Perf,  WorkManager, Paging, Navigation, LiveData, ViewModel"
      },
      {
        "github_url": "https://github.com/mozilla-mobile/fenix",
        "stack": "Coroutines, Testing, Retrofit, Room, Firebase Perf,  WorkManager, Paging, Navigation, LiveData, ViewModel"
      },
      {
        "github_url": "https://github.com/rumboalla/apkupdater",
        "stack": "Koin, JSoup, Navigation, LiveData, ViewModel"
      },
      {
        "github_url": "https://github.com/VMadalin/android-modular-architecture",
        "stack": "Dagger, Coroutines, Testing, Retrofit, Room, Navigation, Paging, Data Binding, LiveData, ViewModel"
      },
      {
        "github_url": "https://github.com/moezbhatti/qksms",
        "stack": "Dagger, Coroutines, RxJava, Testing, Retrofit, Realm, ExoPlayer, Conductor, Data Binding, ShortcutBadger, LiveData, ViewModel"
      },
      {
        "github_url": "https://github.com/ApturiCOVID/apturicovid-android",
        "stack": "Dagger, Coroutines, RxJava, Testing, Retrofit, Room,  WorkManager, Data Binding, ShortcutBadger, LiveData, ViewModel"
      },
      {
        "github_url": "https://github.com/idisfkj/AwesomeGithub",
        "stack": "Coroutines, RxJava, Retrofit, Room, WorkManager, Paging, Navigation, Data Binding, ARouter, LiveData, ViewModel"
      },
      {
        "github_url": "https://github.com/HabitRPG/habitica-android",
        "stack": "Dagger, Coroutines, RxJava, Retrofit, Realm, Firebase Messaging, Paging, Navigation, Facebook, FlowLayout, LiveData, ViewModel"
      },
      {
        "github_url": "https://github.com/KhaledSherifSayed/PopularPeople",
        "stack": "Koin, Coroutines, Testing, Retrofit, Data Binding, Sandwich, LiveData, ViewModel"
      },
      {
        "github_url": "https://github.com/alisonthemonster/Presently",
        "stack": "Dagger, Coroutines, RxJava, Testing, Room, Firebase Messaging,  WorkManager, Dropbox, Calendar view, Paging, Biometric, LiveData, ViewModel"
      },
      {
        "github_url": "https://github.com/fibelatti/raffler-kotlin",
        "stack": "Dagger, Coroutines, Testing, Room, LiveData, ViewModel"
      },
      {
        "github_url": "https://github.com/sanmiAde/Yet_Another_Anime_List",
        "stack": "Dagger, RxJava, Testing using Fakes, MockWebserver, RxRetrofit, Room, Navigation Components, Lottie, LiveData, ViewModel"
      },
      {
        "github_url": "https://github.com/OMIsie11/CovidNow",
        "stack": "Koin, Coroutines, Testing, Retrofit, Room, MPAndroidChart, LiveData, ViewModel"
      },
      {
        "github_url": "https://github.com/KevinGitonga/TukoNewsClient",
        "stack": "Coroutines, Retrofit, Room, LiveData, ViewModel"
      },
      {
        "github_url": "https://github.com/KevinGitonga/NewsFeed",
        "stack": "Coroutines, Retrofit, Room, Pretty Time, LiveData, ViewModel"
      },
      {
        "github_url": "https://github.com/auron567/Gallerit",
        "stack": "Koin, Coroutines, Testing, Retrofit, Room, Navigation, Data Binding, LiveData, ViewModel"
      },
      {
        "github_url": "https://github.com/enginebai/MovieHunt",
        "stack": "Koin, RxJava, Room, Paging, Navigation, Epoxy, LiveData, ViewModel"
      },
      {
        "github_url": "https://github.com/Shivamdhuria/flows_guide",
        "stack": "Dagger Hilt, Coroutines, Flows, Retrofit, Room, Material Design Components, Navigation, LiveData, ViewModel"
      },
      {
        "github_url": "https://github.com/rizmaulana/kotlin-mvvm-covid19",
        "stack": "LiveData, Koin, RxJava, RxBinding, Offline first with simple caching, Spek2Framwework for Unit Testing, etc"
      },
      {
        "github_url": "https://github.com/Tristankluivert/Knote",
        "stack": "ViewModel, LiveData, Koin, Room db, Coroutines etc"
      },
      {
        "github_url": "https://github.com/Devansh-Maurya/PukaPuka",
        "stack": "LiveData, ViewModel, Navigation Components, CameraKit, Firebase ML Kit Text Recognition API, Glide, Volley, Lottie"
      },
      {
        "github_url": "https://github.com/fionicholas/Football-App",
        "stack": "LiveData, ViewModel, Retrofit, Room, Koin, RxJava, etc"
      },
      {
        "github_url": "https://github.com/ryanrvldo/MovieCatalogue",
        "stack": "ViewModel, LiveData, Coroutines, Firebase Cloud Messaging, Retrofit, Room, Glide, Dagger Hilt, and Google Material."
      },
      {
        "github_url": "https://github.com/mutualmobile/Praxis",
        "stack": "Dagger, Retrofit, Coroutines, RXJava2, ViewModel, Data Binding"
      },
      {
        "github_url": "https://github.com/MindorksOpenSource/MVVM-Architecture-Android-Beginners",
        "stack": "Dagger, Coroutines, RXJava2, ViewModel, Data Binding, LiveData."
      },
      {
        "github_url": "https://github.com/skydoves/Pokedex-AR",
        "stack": "Dagger Hilt, Coroutines, Retrofit, Room, ARCore, Sceneform, ViewModel, Data Binding, LiveData."
      },
      {
        "github_url": "https://github.com/mrcsxsiq/Kotlin-Pokedex",
        "stack": "LiveData, Navigation Jetpack, ViewModel, Room, Gradle Kotlin DSL, Databinding, Retrofit, Koin and Ktlint"
      }
    ]
  },
  {
    "pattern": "MVVM - Clean Architecture",
    "key": "$MVVM_CLEAN_ARCH_REPOS",
    "projects": [
      {
        "github_url": "https://github.com/sanogueralorenzo/Android-Kotlin-Clean-Architecture",
        "stack": "Dagger Hilt, Testing, RxJava, Retrofit, AssistedInject, Epoxy, RxPaper, MvRx, ViewModel"
      },
      {
        "github_url": "https://github.com/happysingh23828/Android-Clean-Architecture",
        "stack": "Dagger, Unit Testing for modules, Mockito, RxJava, Retrofit, Room, CI-CD, SOLID, Code Coverage, Jacoco, Detekt, ktlint, Stetho, LiveData, ViewModel"
      },
      {
        "github_url": "https://github.com/igorwojda/android-showcase",
        "stack": "Kodein, Coroutines, Testing, Retrofit, KAndroid, Lottie, Detekt, Navigation, Dynamic Feature Modules, LiveData, ViewModel"
      },
      {
        "github_url": "https://github.com/ferPrieto/Coroutines-Flows-Modularised",
        "stack": "Dagger, Coroutines, Testing, Retrofit, Data Binding, Navigation, LiveData, ViewModel"
      },
      {
        "github_url": "https://github.com/akoufa/CoolWeather",
        "stack": "Dagger Hilt, Coroutines, Testing, Retrofit, Room, Navigation, LiveData, ViewModel"
      },
      {
        "github_url": "https://github.com/odaridavid/Clean-MVVM-ArchComponents",
        "stack": "Koin, Coroutines, Testing, Retrofit, Room, Data Binding, Motion Layout, LiveData, ViewModel"
      },
      {
        "github_url": "https://github.com/andremion/Theatre",
        "stack": "Dagger, RxJava, Testing, Retrofit, Room, Navigation, Data Binding, LiveData, ViewModel"
      },
      {
        "github_url": "https://github.com/HamdiBoumaiza/CoronavirusWorldStatus",
        "stack": "Dagger, Coroutines, Retrofit, Room, LiveData, ViewModel , Stetho"
      },
      {
        "github_url": "https://github.com/SmartToolFactory/PropertyFindAR",
        "stack": "RxJava3, Coroutines Flow, Retrofit, Room, Dagger Hilt, Dynamic Feature Modules, ConcatAdapter, LiveData, ViewModel, SavedStateHandle, WorkManager, Glide, Lottie, MpCharts, MockWebServer, MockK, FlowTestObserver, ktLint, detekt, Git Hooks, Git Flow"
      },
      {
        "github_url": "https://github.com/sansets/android-clean-architecture",
        "stack": "Navigation Component, Dagger, Coroutines Flow, Room, Retrofit, LiveData, ViewModel, View Binding, Dynamic Feature Modules."
      },
      {
        "github_url": "https://github.com/VladimirWrites/BLTaxi",
        "stack": "Koin, Retrofit, Room, Data Binding, LiveData, View Model, Work Manager, Material Components"
      },
      {
        "github_url": "https://github.com/akhilesh0707/Rick-and-Morty",
        "stack": "Kotlin, Coroutines, Flow, Dagger-Hilt, Kotlin-DSL, LiveData, Lifecycle, ViewModel, Room, Navigation, Data Binding, Material-Components, Retrofit, OkHttp, Moshi, Timber, Glide"
      }
    ]
  },
  {
    "pattern": "MVI - Normal",
    "key": "$MVI_NORMAL_REPOS",
    "projects": [
      {
        "github_url": "https://github.com/HadySalhab/NewsFeed-MVI-Dagger",
        "stack": "Dagger, Coroutines, Testing, Retrofit, Room, WorkManager, Data Binding, Navigation, LiveData, ViewModel"
      },
      {
        "github_url": "https://github.com/hoc081098/ComicReaderApp_MVI_Coroutine_RxKotlin_Jetpack",
        "stack": "Koin, Coroutines, RxJava, Retrofit, Room, Firestore, Firebase Auth, Firebase Storage, WorkManager, Navigation, Paging, LiveData, ViewModel"
      },
      {
        "github_url": "https://github.com/R4md4c/GameDealz",
        "stack": "Dagger, Coroutines, Testing, Retrofit, Room, WorkManager, acra, fastAdapter, Paging, JSoup, dropbox/Store, LiveData, ViewModel"
      },
      {
        "github_url": "https://github.com/mitchtabian/Open-API-Android-App",
        "stack": "Dagger, Coroutines, Retrofit, Room, Navigation, LiveData, ViewModel"
      }
    ]
  },
  {
    "pattern": "MVI - Clean Architecture",
    "key": "$MVI_CLEAN_ARCH_REPOS",
    "projects": [
      {
        "github_url": "https://github.com/lopspower/CleanRxArchitecture",
        "stack": "Dagger, RxJava, Retrofit, Room, Clean Architecture, LiveData, ViewModel"
      },
      {
        "github_url": "https://github.com/mitchtabian/Clean-Notes",
        "stack": "Dagger, Coroutines, Testing, Retrofit, Room, Firestore, Firebase Auth, Navigation, Markdown Processor, LiveData, ViewModel"
      },
      {
        "github_url": "https://github.com/Ezike/Baking-App-Kotlin",
        "stack": "Dagger hilt, Coroutines & StateFlow, Unit Testing, Retrofit, DFM Navigation, FlowBinding, Exoplayer"
      },
      {
        "github_url": "https://github.com/Ezike/MVI_UIComponents",
        "stack": "Jetpack, Dagger hilt, Coroutines & StateFlow, Room, Retrofit, FlowBinding"
      }
    ]
  },
  {
    "pattern": "MVP",
    "key": "$MVP_REPOS",
    "projects": [
      {
        "github_url": "https://github.com/inorichi/tachiyomi",
        "stack": "Inorichi injekt, Coroutines, RxJava, Testing, Retrofit, DiskLruCache, Jsoup, WorkManager, Duktape Android, Conductor"
      },
      {
        "github_url": "https://github.com/ImangazalievM/UTair-MVP-Sample",
        "stack": "Clean Architecture, Coroutines, RxJava 2, Coroutines, Toothpick, Moxy, Unit-tests (Spek, Mockk), UI-tests (Kaspresso)"
      }
    ]
  },
  {
    "pattern": "Other",
    "key": "$OTHER_REPOS",
    "projects": [
      {
        "github_url": "https://github.com/shadowsocks/shadowsocks-android",
        "stack": "Testing, Room,  Firebase Ads, WorkManager"
      },
      {
        "github_url": "https://github.com/DimaBrody/Screenaway",
        "stack": "Room, Play Install Referrer Library"
      },
      {
        "github_url": "https://github.com/BijoySingh/Scarlet-Notes",
        "stack": "Dagger, Coroutines, Room, Firebase Auth, Firebase Database, Paging, Navigation, Evernote android-job, Facebook Litho, Facebook SoLoader, Biometric"
      }
    ]
  }
]
